over,total_runs
0,0.9816625916870416
1,1.1735279169389385
2,1.3160991395160697
3,1.3565377532228362
4,1.3691002949852507
5,1.3730546909737662
6,1.1031073446327684
7,1.1899478778853314
8,1.2420871902060318
9,1.224576905796016
10,1.2626232222138611
11,1.2876856948948043
12,1.3012403569807895
13,1.3436452301127706
14,1.3935042997542997
15,1.4342728472707509
16,1.4987780843515963
17,1.5878389348920279
18,1.6468963135629802
19,1.7768553710742148
